parish,week1,week2,week3,week4,week5,week6,week7,week8,week9,week10,week11,week12,week13,week14,week15,week16,week17,week18,week19,week20,week21,week22,week23,week24,week25,week26,week27,week28,week29,week30,week31,week32,week33,week34,week35,week36,week37,week38,week39,week40,week41,week42,week43,week44,week45,week46,week47,week48,week49,week50,week51,week52
Alhallows Barking,0.0,0.0,0.0,0.0,0.0,0.0,0.0,0.0,0.0,0.0,0.0,0.0,0.0,0.0,0.0,0.0,0.0,0.0,0.0,0.0,0.0,0.0,0.0,0.0,0.0,0.0,0.0,1.0,0.0,0.0,0.0,0.0,3.0,7.0,11.0,21.0,23.0,32.0,32.0,41.0,34.0,26.0,26.0,16.0,18.0,19.0,10.0,6.0,4.0,0.0,0.0,0.0
Alhallows Breadstreet,0.0,0.0,0.0,0.0,0.0,0.0,0.0,0.0,0.0,0.0,0.0,0.0,0.0,0.0,0.0,0.0,0.0,0.0,0.0,0.0,0.0,0.0,0.0,0.0,0.0,0.0,0.0,0.0,0.0,0.0,0.0,0.0,1.0,1.0,1.0,0.0,1.0,0.0,3.0,3.0,1.0,2.0,1.0,0.0,0.0,0.0,1.0,0.0,0.0,0.0,0.0,0.0
Alhallows Great,0.0,0.0,0.0,0.0,0.0,0.0,0.0,0.0,0.0,0.0,0.0,0.0,0.0,0.0,0.0,0.0,0.0,0.0,0.0,0.0,0.0,0.0,0.0,0.0,0.0,0.0,0.0,0.0,0.0,1.0,2.0,2.0,0.0,5.0,5.0,10.0,9.0,32.0,53.0,59.0,41.0,34.0,30.0,14.0,9.0,11.0,7.0,5.0,5.0,0.0,0.0,2.0
Alhallows Honylane,0.0,0.0,0.0,0.0,0.0,0.0,0.0,0.0,0.0,0.0,0.0,0.0,0.0,0.0,0.0,0.0,0.0,0.0,0.0,0.0,0.0,0.0,0.0,0.0,0.0,0.0,0.0,0.0,0.0,0.0,0.0,0.0,0.0,1.0,0.0,1.0,0.0,1.0,0.0,1.0,0.0,1.0,0.0,0.0,0.0,0.0,0.0,0.0,0.0,0.0,0.0,0.0
Alhallows Lesse,0.0,0.0,0.0,0.0,0.0,0.0,0.0,0.0,0.0,0.0,0.0,0.0,0.0,0.0,0.0,0.0,0.0,0.0,0.0,0.0,0.0,0.0,0.0,0.0,0.0,0.0,0.0,0.0,0.0,0.0,2.0,1.0,1.0,0.0,2.0,9.0,16.0,17.0,26.0,24.0,17.0,21.0,16.0,4.0,3.0,7.0,3.0,2.0,2.0,0.0,0.0,2.0
Alhallows Lumbardstreet,0.0,0.0,0.0,0.0,0.0,0.0,0.0,0.0,0.0,0.0,0.0,0.0,0.0,0.0,0.0,0.0,0.0,0.0,0.0,0.0,0.0,0.0,0.0,0.0,0.0,0.0,0.0,0.0,0.0,0.0,0.0,1.0,3.0,4.0,4.0,7.0,6.0,5.0,7.0,10.0,5.0,5.0,2.0,1.0,0.0,0.0,0.0,0.0,0.0,0.0,2.0,0.0
Alhallows Staining,0.0,0.0,0.0,0.0,0.0,0.0,0.0,0.0,0.0,0.0,0.0,0.0,0.0,0.0,0.0,0.0,0.0,0.0,0.0,0.0,0.0,0.0,0.0,0.0,0.0,0.0,0.0,0.0,0.0,2.0,1.0,0.0,1.0,2.0,5.0,5.0,11.0,8.0,10.0,11.0,18.0,8.0,9.0,2.0,7.0,5.0,6.0,1.0,0.0,0.0,0.0,0.0
Alhallows the Wall,0.0,0.0,0.0,0.0,0.0,0.0,0.0,0.0,0.0,0.0,0.0,0.0,0.0,0.0,0.0,0.0,0.0,0.0,0.0,0.0,0.0,0.0,0.0,0.0,0.0,0.0,0.0,0.0,3.0,5.0,5.0,3.0,13.0,18.0,11.0,40.0,40.0,40.0,30.0,35.0,28.0,28.0,13.0,5.0,6.0,14.0,10.0,5.0,2.0,0.0,1.0,1.0
At the Pesthouse,0.0,0.0,0.0,0.0,0.0,0.0,0.0,0.0,0.0,0.0,0.0,0.0,0.0,0.0,0.0,0.0,0.0,0.0,0.0,0.0,0.0,1.0,1.0,0.0,4.0,4.0,3.0,5.0,6.0,8.0,8.0,10.0,10.0,12.0,9.0,9.0,10.0,12.0,6.0,7.0,8.0,8.0,4.0,1.0,4.0,4.0,1.0,2.0,1.0,1.0,0.0,1.0
Bridewel Precinct,0.0,0.0,0.0,0.0,0.0,0.0,0.0,0.0,0.0,0.0,0.0,0.0,0.0,0.0,0.0,0.0,0.0,0.0,0.0,0.0,0.0,0.0,0.0,0.0,0.0,1.0,0.0,2.0,0.0,0.0,4.0,2.0,5.0,2.0,5.0,9.0,17.0,19.0,31.0,24.0,23.0,14.0,4.0,2.0,3.0,3.0,1.0,2.0,1.0,2.0,0.0,2.0
Christ Church,0.0,0.0,0.0,0.0,0.0,0.0,0.0,0.0,0.0,0.0,0.0,0.0,0.0,0.0,0.0,0.0,0.0,0.0,0.0,0.0,0.0,0.0,0.0,0.0,0.0,0.0,0.0,4.0,3.0,6.0,12.0,13.0,15.0,20.0,22.0,37.0,61.0,39.0,48.0,43.0,39.0,30.0,24.0,12.0,8.0,12.0,8.0,3.0,5.0,0.0,1.0,2.0
Hackney Parish,0.0,0.0,0.0,0.0,0.0,0.0,0.0,0.0,0.0,0.0,0.0,0.0,0.0,0.0,0.0,0.0,0.0,0.0,0.0,0.0,0.0,0.0,0.0,0.0,0.0,0.0,0.0,0.0,0.0,0.0,5.0,5.0,6.0,4.0,8.0,7.0,10.0,9.0,18.0,6.0,12.0,6.0,10.0,5.0,3.0,9.0,2.0,3.0,3.0,0.0,0.0,1.0
Lambeth Parish,0.0,0.0,0.0,0.0,0.0,0.0,0.0,0.0,0.0,0.0,0.0,0.0,0.0,0.0,0.0,0.0,0.0,0.0,0.0,0.0,0.0,0.0,0.0,0.0,0.0,0.0,0.0,0.0,0.0,0.0,2.0,2.0,1.0,10.0,9.0,17.0,21.0,37.0,43.0,40.0,39.0,62.0,42.0,28.0,23.0,39.0,46.0,35.0,6.0,8.0,6.0,21.0
Redriff Parish,0.0,0.0,0.0,0.0,0.0,0.0,0.0,0.0,0.0,0.0,0.0,0.0,0.0,0.0,0.0,0.0,0.0,0.0,0.0,0.0,0.0,0.0,0.0,0.0,0.0,0.0,0.0,0.0,0.0,0.0,0.0,0.0,0.0,0.0,0.0,0.0,0.0,0.0,0.0,0.0,0.0,0.0,0.0,0.0,0.0,0.0,0.0,0.0,0.0,0.0,0.0,0.0
Rothorith Parish,0.0,0.0,0.0,0.0,0.0,0.0,0.0,0.0,0.0,0.0,0.0,0.0,0.0,0.0,0.0,0.0,0.0,0.0,0.0,0.0,0.0,0.0,0.0,0.0,0.0,0.0,0.0,0.0,3.0,7.0,4.0,4.0,2.0,3.0,2.0,6.0,8.0,16.0,13.0,18.0,18.0,27.0,13.0,7.0,8.0,12.0,10.0,10.0,8.0,2.0,4.0,5.0
S. Sepulchres Parish,0.0,0.0,0.0,0.0,0.0,0.0,0.0,0.0,0.0,0.0,0.0,0.0,0.0,0.0,0.0,0.0,0.0,0.0,0.0,0.0,0.0,0.0,0.0,0.0,10.0,11.0,18.0,48.0,81.0,100.0,141.0,160.0,205.0,241.0,274.0,336.0,264.0,206.0,214.0,138.0,95.0,84.0,40.0,19.0,11.0,16.0,13.0,9.0,3.0,2.0,0.0,2.0
Saviours Southwark,0.0,0.0,0.0,0.0,0.0,0.0,0.0,0.0,0.0,0.0,0.0,0.0,0.0,0.0,0.0,0.0,0.0,0.0,0.0,0.0,0.0,0.0,0.0,0.0,0.0,0.0,0.0,0.0,1.0,1.0,15.0,29.0,41.0,100.0,120.0,261.0,339.0,394.0,403.0,341.0,352.0,315.0,227.0,101.0,82.0,108.0,77.0,65.0,22.0,20.0,13.0,19.0
St Alban Woodstreet,0.0,0.0,0.0,0.0,0.0,0.0,0.0,0.0,0.0,0.0,0.0,0.0,0.0,0.0,0.0,0.0,0.0,0.0,0.0,0.0,0.0,0.0,0.0,0.0,1.0,2.0,0.0,0.0,1.0,2.0,1.0,0.0,8.0,5.0,8.0,12.0,9.0,7.0,19.0,5.0,12.0,15.0,2.0,3.0,1.0,3.0,2.0,1.0,1.0,0.0,0.0,1.0
St Alphage,0.0,0.0,0.0,0.0,0.0,0.0,0.0,0.0,0.0,0.0,0.0,0.0,0.0,0.0,0.0,0.0,0.0,0.0,0.0,0.0,0.0,0.0,0.0,0.0,0.0,0.0,0.0,0.0,0.0,0.0,0.0,3.0,5.0,9.0,10.0,22.0,22.0,13.0,13.0,3.0,5.0,4.0,1.0,0.0,1.0,0.0,1.0,2.0,0.0,0.0,1.0,0.0
St Andrew Holborn,0.0,0.0,0.0,0.0,0.0,0.0,0.0,0.0,0.0,0.0,0.0,0.0,0.0,0.0,0.0,0.0,0.0,0.0,0.0,1.0,0.0,0.0,1.0,1.0,7.0,10.0,15.0,35.0,40.0,91.0,142.0,193.0,183.0,272.0,220.0,380.0,345.0,235.0,247.0,184.0,151.0,127.0,55.0,32.0,31.0,36.0,28.0,18.0,10.0,2.0,7.0,4.0
St Andrew Hubbard,0.0,0.0,0.0,0.0,0.0,0.0,0.0,0.0,0.0,0.0,0.0,0.0,0.0,0.0,0.0,0.0,0.0,0.0,0.0,0.0,0.0,0.0,0.0,0.0,0.0,0.0,0.0,0.0,0.0,1.0,3.0,0.0,0.0,0.0,0.0,0.0,3.0,1.0,5.0,0.0,0.0,2.0,2.0,0.0,2.0,3.0,1.0,0.0,0.0,0.0,2.0,0.0
St Andrew Undershaft,0.0,0.0,0.0,0.0,0.0,0.0,0.0,0.0,0.0,0.0,0.0,0.0,0.0,0.0,0.0,0.0,0.0,0.0,0.0,0.0,0.0,0.0,0.0,0.0,0.0,0.0,0.0,0.0,0.0,1.0,4.0,6.0,9.0,11.0,9.0,14.0,24.0,19.0,22.0,22.0,14.0,6.0,7.0,4.0,3.0,7.0,3.0,1.0,1.0,0.0,0.0,2.0
St Andrew Wardrobe,0.0,0.0,0.0,0.0,0.0,0.0,0.0,0.0,0.0,0.0,0.0,0.0,0.0,0.0,0.0,0.0,0.0,0.0,0.0,0.0,0.0,0.0,0.0,0.0,0.0,0.0,0.0,0.0,0.0,2.0,2.0,0.0,8.0,16.0,16.0,29.0,37.0,35.0,54.0,37.0,24.0,15.0,11.0,7.0,2.0,4.0,3.0,3.0,1.0,0.0,0.0,2.0
St Ann Aldersgate,0.0,0.0,0.0,0.0,0.0,0.0,0.0,0.0,0.0,0.0,0.0,0.0,0.0,0.0,0.0,0.0,0.0,0.0,0.0,0.0,0.0,0.0,0.0,0.0,0.0,0.0,0.0,0.0,0.0,0.0,0.0,0.0,1.0,6.0,11.0,13.0,24.0,25.0,28.0,16.0,27.0,15.0,10.0,6.0,2.0,4.0,3.0,3.0,0.0,0.0,1.0,2.0
St Ann Blackfryers,0.0,0.0,0.0,0.0,0.0,0.0,0.0,0.0,0.0,0.0,0.0,0.0,0.0,0.0,0.0,0.0,0.0,0.0,0.0,0.0,0.0,0.0,0.0,0.0,0.0,0.0,0.0,0.0,6.0,5.0,5.0,6.0,15.0,10.0,17.0,31.0,30.0,56.0,65.0,31.0,50.0,52.0,28.0,13.0,6.0,13.0,12.0,2.0,4.0,1.0,2.0,1.0
St Antholins Parish,0.0,0.0,0.0,0.0,0.0,0.0,0.0,0.0,0.0,0.0,0.0,0.0,0.0,0.0,0.0,0.0,0.0,0.0,0.0,0.0,0.0,0.0,0.0,0.0,0.0,0.0,0.0,0.0,0.0,0.0,0.0,0.0,0.0,1.0,0.0,2.0,9.0,1.0,5.0,7.0,4.0,1.0,2.0,0.0,0.0,0.0,0.0,0.0,1.0,0.0,0.0,0.0
St Austins Parish,0.0,0.0,0.0,0.0,0.0,0.0,0.0,0.0,0.0,0.0,0.0,0.0,0.0,0.0,0.0,0.0,0.0,0.0,0.0,0.0,0.0,0.0,0.0,0.0,0.0,0.0,0.0,0.0,0.0,1.0,0.0,0.0,0.0,1.0,0.0,3.0,1.0,3.0,2.0,3.0,3.0,3.0,0.0,0.0,0.0,0.0,0.0,0.0,0.0,0.0,0.0,0.0
St Bartholomew Exchange,0.0,0.0,0.0,0.0,0.0,0.0,0.0,0.0,0.0,0.0,0.0,0.0,0.0,0.0,0.0,0.0,0.0,0.0,0.0,0.0,0.0,0.0,0.0,0.0,0.0,0.0,0.0,0.0,0.0,0.0,0.0,0.0,0.0,1.0,2.0,3.0,2.0,5.0,3.0,6.0,7.0,4.0,3.0,4.0,1.0,2.0,4.0,1.0,2.0,1.0,0.0,0.0
St Bartholomew Great,0.0,0.0,0.0,0.0,0.0,0.0,0.0,0.0,0.0,0.0,0.0,0.0,0.0,0.0,0.0,0.0,0.0,0.0,0.0,0.0,0.0,0.0,0.0,0.0,0.0,0.0,1.0,4.0,2.0,9.0,7.0,10.0,17.0,48.0,50.0,65.0,42.0,21.0,17.0,16.0,15.0,3.0,5.0,0.0,1.0,4.0,0.0,2.0,2.0,1.0,0.0,0.0
St Bartholomew Lesse,0.0,0.0,0.0,0.0,0.0,0.0,0.0,0.0,0.0,0.0,0.0,0.0,0.0,0.0,0.0,0.0,0.0,0.0,0.0,0.0,0.0,0.0,0.0,0.0,0.0,0.0,0.0,0.0,0.0,0.0,0.0,2.0,6.0,8.0,15.0,8.0,21.0,19.0,12.0,11.0,7.0,7.0,3.0,5.0,5.0,3.0,4.0,1.0,1.0,0.0,0.0,1.0
St Bennet Fynck,0.0,0.0,0.0,0.0,0.0,0.0,0.0,0.0,0.0,0.0,0.0,0.0,0.0,0.0,0.0,0.0,0.0,0.0,0.0,0.0,0.0,0.0,0.0,0.0,0.0,1.0,0.0,1.0,0.0,0.0,0.0,0.0,0.0,0.0,2.0,2.0,2.0,3.0,0.0,0.0,2.0,1.0,5.0,1.0,0.0,1.0,1.0,0.0,0.0,0.0,0.0,0.0
St Bennet Gracechurch,0.0,0.0,0.0,0.0,0.0,0.0,0.0,0.0,0.0,0.0,0.0,0.0,0.0,0.0,0.0,0.0,0.0,0.0,0.0,0.0,0.0,0.0,0.0,0.0,0.0,0.0,0.0,0.0,0.0,0.0,0.0,1.0,0.0,3.0,0.0,1.0,1.0,4.0,4.0,2.0,2.0,10.0,4.0,2.0,0.0,1.0,1.0,0.0,2.0,1.0,2.0,0.0
St Bennet Paulswharf,0.0,0.0,0.0,0.0,0.0,0.0,0.0,0.0,0.0,0.0,0.0,0.0,0.0,0.0,0.0,0.0,0.0,0.0,0.0,0.0,0.0,0.0,0.0,0.0,0.0,4.0,0.0,2.0,0.0,1.0,2.0,4.0,2.0,7.0,8.0,29.0,21.0,19.0,15.0,19.0,7.0,9.0,8.0,5.0,0.0,5.0,3.0,1.0,0.0,0.0,1.0,0.0
St Bennet Sherehog,0.0,0.0,0.0,0.0,0.0,0.0,0.0,0.0,0.0,0.0,0.0,0.0,0.0,0.0,0.0,0.0,0.0,0.0,0.0,0.0,0.0,0.0,0.0,0.0,0.0,0.0,0.0,0.0,0.0,0.0,0.0,0.0,0.0,0.0,0.0,0.0,0.0,0.0,0.0,0.0,0.0,0.0,0.0,0.0,0.0,0.0,0.0,0.0,0.0,0.0,0.0,1.0
St Botolph Aldersgate,0.0,0.0,0.0,0.0,0.0,0.0,0.0,0.0,0.0,0.0,0.0,0.0,0.0,0.0,0.0,0.0,0.0,0.0,0.0,0.0,0.0,0.0,0.0,0.0,0.0,0.0,3.0,4.0,9.0,5.0,17.0,23.0,46.0,47.0,61.0,80.0,79.0,61.0,62.0,64.0,64.0,42.0,28.0,15.0,11.0,14.0,5.0,6.0,0.0,0.0,4.0,5.0
St Botolph Aldgate,0.0,0.0,0.0,0.0,0.0,0.0,0.0,0.0,0.0,0.0,0.0,0.0,0.0,0.0,0.0,0.0,0.0,0.0,0.0,0.0,0.0,0.0,0.0,0.0,0.0,0.0,0.0,1.0,4.0,14.0,34.0,65.0,81.0,173.0,212.0,46.0,439.0,570.0,589.0,433.0,338.0,284.0,155.0,82.0,53.0,68.0,44.0,24.0,8.0,7.0,16.0,11.0
St Botolph Billingsgate,0.0,0.0,0.0,0.0,0.0,0.0,0.0,0.0,0.0,0.0,0.0,0.0,0.0,0.0,0.0,0.0,0.0,0.0,0.0,0.0,0.0,0.0,0.0,0.0,0.0,0.0,0.0,0.0,0.0,0.0,0.0,0.0,0.0,0.0,0.0,2.0,1.0,2.0,4.0,2.0,8.0,4.0,7.0,3.0,3.0,5.0,4.0,3.0,0.0,0.0,1.0,1.0
St Botolph Bishopsgate,0.0,0.0,0.0,0.0,0.0,0.0,0.0,0.0,0.0,0.0,0.0,0.0,0.0,0.0,0.0,0.0,0.0,0.0,0.0,0.0,0.0,0.0,1.0,0.0,2.0,2.0,3.0,17.0,20.0,39.0,77.0,80.0,133.0,196.0,236.0,280.0,299.0,298.0,256.0,145.0,121.0,119.0,53.0,30.0,24.0,24.0,17.0,11.0,5.0,5.0,3.0,4.0
St Brides Parish,0.0,0.0,0.0,0.0,0.0,0.0,0.0,0.0,0.0,0.0,0.0,0.0,0.0,0.0,0.0,0.0,0.0,0.0,0.0,0.0,0.0,0.0,0.0,0.0,0.0,0.0,0.0,0.0,0.0,0.0,0.0,0.0,0.0,0.0,0.0,0.0,0.0,0.0,0.0,0.0,0.0,0.0,0.0,0.0,0.0,0.0,0.0,0.0,0.0,0.0,0.0,0.0
St Bridget,0.0,0.0,0.0,0.0,0.0,0.0,0.0,0.0,0.0,0.0,0.0,0.0,0.0,0.0,0.0,0.0,0.0,0.0,0.0,0.0,0.0,0.0,0.0,0.0,3.0,2.0,3.0,7.0,14.0,16.0,39.0,36.0,66.0,90.0,119.0,152.0,189.0,149.0,180.0,91.0,67.0,88.0,43.0,17.0,15.0,16.0,10.0,6.0,2.0,1.0,4.0,2.0
St Christophers,0.0,0.0,0.0,0.0,0.0,0.0,0.0,0.0,0.0,0.0,0.0,0.0,0.0,0.0,0.0,0.0,0.0,0.0,0.0,0.0,0.0,0.0,0.0,0.0,0.0,0.0,0.0,0.0,0.0,1.0,1.0,2.0,0.0,2.0,0.0,0.0,7.0,4.0,5.0,6.0,4.0,4.0,3.0,4.0,0.0,2.0,1.0,0.0,0.0,0.0,1.0,0.0
St Clement Danes,0.0,0.0,0.0,0.0,0.0,0.0,0.0,0.0,0.0,0.0,0.0,0.0,0.0,0.0,0.0,0.0,0.0,0.0,0.0,4.0,2.0,5.0,4.0,0.0,8.0,7.0,16.0,19.0,15.0,24.0,45.0,42.0,42.0,57.0,78.0,82.0,114.0,98.0,140.0,128.0,110.0,104.0,55.0,30.0,16.0,28.0,19.0,7.0,4.0,1.0,10.0,4.0
St Clement Eastcheap,0.0,0.0,0.0,0.0,0.0,0.0,0.0,0.0,0.0,0.0,0.0,0.0,0.0,0.0,0.0,0.0,0.0,0.0,0.0,0.0,0.0,0.0,0.0,0.0,0.0,0.0,0.0,0.0,0.0,0.0,1.0,0.0,0.0,0.0,2.0,1.0,1.0,3.0,3.0,1.0,1.0,1.0,0.0,1.0,0.0,1.0,0.0,1.0,1.0,0.0,0.0,2.0
St Dionis Backchurch,0.0,0.0,0.0,0.0,0.0,0.0,0.0,0.0,0.0,0.0,0.0,0.0,0.0,0.0,0.0,0.0,0.0,0.0,0.0,0.0,0.0,0.0,0.0,0.0,0.0,0.0,0.0,0.0,0.0,0.0,0.0,0.0,1.0,1.0,1.0,2.0,1.0,2.0,3.0,2.0,2.0,5.0,1.0,1.0,4.0,1.0,0.0,0.0,0.0,0.0,0.0,0.0
St Dunstan East,0.0,0.0,0.0,0.0,0.0,0.0,0.0,0.0,0.0,0.0,0.0,0.0,0.0,0.0,0.0,0.0,0.0,0.0,0.0,0.0,0.0,0.0,0.0,0.0,0.0,0.0,0.0,0.0,0.0,0.0,0.0,0.0,0.0,1.0,2.0,5.0,6.0,12.0,10.0,17.0,24.0,20.0,17.0,7.0,4.0,5.0,4.0,3.0,6.0,2.0,1.0,4.0
St Dunstan West,0.0,0.0,0.0,0.0,0.0,0.0,0.0,0.0,0.0,0.0,0.0,0.0,0.0,0.0,0.0,0.0,0.0,0.0,0.0,0.0,0.0,1.0,0.0,2.0,0.0,0.0,0.0,5.0,9.0,3.0,11.0,10.0,20.0,25.0,29.0,42.0,74.0,50.0,79.0,58.0,59.0,56.0,35.0,21.0,15.0,13.0,17.0,9.0,5.0,2.0,2.0,3.0
St Edmund Lumbardstreet,0.0,0.0,0.0,0.0,0.0,0.0,0.0,0.0,0.0,0.0,0.0,0.0,0.0,0.0,0.0,0.0,0.0,0.0,0.0,0.0,0.0,0.0,0.0,0.0,0.0,0.0,0.0,0.0,0.0,0.0,0.0,0.0,0.0,0.0,2.0,1.0,0.0,2.0,4.0,3.0,1.0,10.0,4.0,1.0,0.0,0.0,3.0,3.0,0.0,0.0,0.0,2.0
St Ethelborough,0.0,0.0,0.0,0.0,0.0,0.0,0.0,0.0,0.0,0.0,0.0,0.0,0.0,0.0,0.0,0.0,0.0,0.0,0.0,0.0,0.0,0.0,0.0,0.0,0.0,0.0,0.0,0.0,0.0,0.0,14.0,2.0,9.0,8.0,7.0,18.0,9.0,10.0,6.0,7.0,4.0,7.0,1.0,2.0,0.0,0.0,1.0,0.0,1.0,0.0,0.0,0.0
St Faith,0.0,0.0,0.0,0.0,0.0,0.0,0.0,0.0,0.0,0.0,0.0,0.0,0.0,0.0,0.0,0.0,0.0,0.0,0.0,0.0,0.0,0.0,0.0,0.0,0.0,0.0,0.0,0.0,0.0,0.0,0.0,0.0,1.0,0.0,6.0,0.0,4.0,8.0,6.0,10.0,6.0,12.0,6.0,1.0,3.0,1.0,1.0,0.0,1.0,1.0,1.0,2.0
St Foster,0.0,0.0,0.0,0.0,0.0,0.0,0.0,0.0,0.0,0.0,0.0,0.0,0.0,0.0,0.0,0.0,0.0,0.0,0.0,0.0,0.0,0.0,0.0,0.0,0.0,0.0,0.0,0.0,0.0,0.0,3.0,1.0,4.0,8.0,11.0,13.0,12.0,7.0,9.0,9.0,6.0,6.0,5.0,2.0,1.0,0.0,3.0,2.0,1.0,0.0,0.0,2.0
St Gabriel Fenchurch,0.0,0.0,0.0,0.0,0.0,0.0,0.0,0.0,0.0,0.0,0.0,0.0,0.0,0.0,0.0,0.0,0.0,0.0,0.0,0.0,0.0,0.0,0.0,0.0,1.0,0.0,0.0,0.0,0.0,0.0,0.0,0.0,0.0,0.0,0.0,0.0,4.0,0.0,3.0,6.0,3.0,4.0,5.0,1.0,0.0,4.0,6.0,1.0,0.0,0.0,0.0,1.0
St George Botolphlane,0.0,0.0,0.0,0.0,0.0,0.0,0.0,0.0,0.0,0.0,0.0,0.0,0.0,0.0,0.0,0.0,0.0,0.0,0.0,0.0,0.0,0.0,0.0,0.0,0.0,0.0,0.0,0.0,0.0,0.0,0.0,0.0,0.0,0.0,0.0,0.0,0.0,0.0,3.0,0.0,1.0,4.0,7.0,0.0,3.0,1.0,4.0,2.0,0.0,0.0,0.0,2.0
St George Southwark,0.0,0.0,0.0,0.0,0.0,0.0,0.0,0.0,0.0,0.0,0.0,0.0,0.0,0.0,0.0,0.0,0.0,0.0,0.0,0.0,0.0,0.0,0.0,0.0,0.0,0.0,1.0,2.0,4.0,4.0,20.0,26.0,39.0,71.0,60.0,120.0,150.0,140.0,176.0,137.0,133.0,61.0,34.0,18.0,14.0,22.0,13.0,8.0,2.0,3.0,0.0,2.0
St Giles Cripplegate,0.0,0.0,0.0,0.0,0.0,0.0,0.0,0.0,0.0,0.0,0.0,0.0,0.0,0.0,0.0,0.0,0.0,0.0,0.0,0.0,0.0,0.0,0.0,2.0,1.0,3.0,7.0,32.0,49.0,114.0,208.0,302.0,356.0,521.0,572.0,602.0,567.0,401.0,373.0,225.0,151.0,138.0,67.0,28.0,22.0,39.0,23.0,17.0,2.0,3.0,3.0,7.0
St Giles in the fields,1.0,0.0,0.0,0.0,0.0,0.0,0.0,1.0,0.0,0.0,0.0,0.0,0.0,0.0,0.0,0.0,0.0,2.0,0.0,3.0,1.0,7.0,9.0,31.0,8.0,101.0,143.0,149.0,213.0,218.0,323.0,229.0,259.0,242.0,175.0,146.0,178.0,156.0,125.0,107.0,78.0,74.0,43.0,33.0,20.0,24.0,21.0,16.0,4.0,4.0,5.0,2.0
St Gregory by St Pauls,0.0,0.0,0.0,0.0,0.0,0.0,0.0,0.0,0.0,0.0,0.0,0.0,0.0,0.0,0.0,0.0,0.0,0.0,0.0,0.0,0.0,0.0,0.0,0.0,0.0,0.0,0.0,0.0,0.0,3.0,3.0,5.0,6.0,11.0,5.0,25.0,20.0,19.0,23.0,26.0,25.0,21.0,12.0,4.0,5.0,8.0,5.0,4.0,1.0,0.0,1.0,0.0
St Hellen,0.0,0.0,0.0,0.0,0.0,0.0,0.0,0.0,0.0,0.0,0.0,0.0,0.0,0.0,0.0,0.0,0.0,0.0,0.0,0.0,0.0,0.0,0.0,0.0,0.0,0.0,0.0,0.0,2.0,0.0,2.0,1.0,2.0,10.0,11.0,6.0,10.0,6.0,8.0,3.0,5.0,2.0,4.0,0.0,1.0,1.0,0.0,0.0,1.0,0.0,0.0,0.0
St James Clerkenwel,0.0,0.0,0.0,0.0,0.0,0.0,0.0,0.0,0.0,0.0,0.0,0.0,0.0,0.0,0.0,0.0,0.0,0.0,0.0,0.0,0.0,0.0,0.0,0.0,0.0,3.0,8.0,10.0,50.0,78.0,121.0,92.0,136.0,145.0,172.0,122.0,119.0,73.0,67.0,64.0,42.0,31.0,16.0,6.0,5.0,5.0,4.0,2.0,3.0,2.0,0.0,1.0
St James Dukes place,0.0,0.0,0.0,0.0,0.0,0.0,0.0,0.0,0.0,0.0,0.0,0.0,0.0,0.0,0.0,0.0,0.0,0.0,0.0,0.0,0.0,0.0,0.0,0.0,0.0,0.0,0.0,0.0,0.0,0.0,0.0,4.0,6.0,6.0,5.0,6.0,5.0,20.0,26.0,21.0,23.0,25.0,18.0,8.0,6.0,3.0,3.0,1.0,2.0,1.0,1.0,0.0
St James Garlickhithe,0.0,0.0,0.0,0.0,0.0,0.0,0.0,0.0,0.0,0.0,0.0,0.0,0.0,0.0,0.0,0.0,0.0,0.0,0.0,0.0,0.0,0.0,0.0,0.0,0.0,0.0,0.0,0.0,0.0,0.0,0.0,1.0,0.0,3.0,1.0,4.0,4.0,8.0,11.0,10.0,12.0,11.0,15.0,8.0,6.0,8.0,8.0,3.0,2.0,0.0,2.0,1.0
St John Baptist,0.0,0.0,0.0,0.0,0.0,0.0,0.0,0.0,0.0,0.0,0.0,0.0,0.0,0.0,0.0,0.0,0.0,0.0,0.0,0.0,0.0,0.0,0.0,0.0,0.0,0.0,0.0,0.0,0.0,0.0,0.0,1.0,2.0,1.0,4.0,5.0,9.0,3.0,6.0,7.0,10.0,7.0,6.0,2.0,2.0,3.0,5.0,3.0,3.0,1.0,3.0,0.0
St John Evangelist,0.0,0.0,0.0,0.0,0.0,0.0,0.0,0.0,0.0,0.0,0.0,0.0,0.0,0.0,0.0,0.0,0.0,0.0,0.0,0.0,0.0,0.0,0.0,0.0,0.0,0.0,0.0,0.0,0.0,0.0,0.0,0.0,0.0,0.0,0.0,0.0,0.0,0.0,0.0,0.0,0.0,0.0,0.0,0.0,0.0,0.0,0.0,0.0,0.0,0.0,0.0,0.0
St John Zachary,0.0,0.0,0.0,0.0,0.0,0.0,0.0,0.0,0.0,0.0,0.0,0.0,0.0,0.0,0.0,0.0,0.0,0.0,0.0,0.0,0.0,0.0,0.0,0.0,0.0,0.0,0.0,1.0,0.0,1.0,2.0,1.0,1.0,1.0,1.0,1.0,7.0,1.0,2.0,7.0,9.0,5.0,6.0,5.0,2.0,1.0,0.0,0.0,0.0,0.0,0.0,0.0
St Kath. near the Tower,0.0,0.0,0.0,0.0,0.0,0.0,0.0,0.0,0.0,0.0,0.0,0.0,0.0,0.0,0.0,0.0,0.0,0.0,0.0,0.0,0.0,0.0,0.0,0.0,0.0,0.0,0.0,0.0,1.0,2.0,4.0,4.0,12.0,18.0,34.0,71.0,87.0,61.0,66.0,62.0,39.0,45.0,25.0,19.0,13.0,8.0,9.0,7.0,5.0,3.0,2.0,4.0
St Katharine Coleman,0.0,0.0,0.0,0.0,0.0,0.0,0.0,0.0,0.0,0.0,0.0,0.0,0.0,0.0,0.0,0.0,0.0,0.0,0.0,0.0,0.0,0.0,0.0,0.0,0.0,0.0,0.0,0.0,0.0,0.0,0.0,0.0,0.0,0.0,1.0,5.0,10.0,22.0,36.0,35.0,16.0,30.0,24.0,8.0,5.0,6.0,7.0,7.0,1.0,0.0,0.0,0.0
St Katharine Crechurch,0.0,0.0,0.0,0.0,0.0,0.0,0.0,0.0,0.0,0.0,0.0,0.0,0.0,0.0,0.0,0.0,0.0,0.0,0.0,0.0,0.0,0.0,0.0,0.0,0.0,0.0,0.0,0.0,0.0,0.0,0.0,0.0,1.0,2.0,4.0,5.0,19.0,33.0,31.0,20.0,29.0,23.0,11.0,10.0,5.0,10.0,9.0,6.0,4.0,1.0,3.0,5.0
St Lawrence Jewry,0.0,0.0,0.0,0.0,0.0,0.0,0.0,0.0,0.0,0.0,0.0,0.0,0.0,0.0,0.0,0.0,0.0,0.0,0.0,0.0,0.0,0.0,0.0,0.0,0.0,0.0,0.0,0.0,0.0,0.0,0.0,0.0,1.0,3.0,1.0,8.0,4.0,1.0,6.0,5.0,5.0,4.0,3.0,0.0,1.0,1.0,1.0,0.0,0.0,3.0,0.0,1.0
St Lawrence Pountney,0.0,0.0,0.0,0.0,0.0,0.0,0.0,0.0,0.0,0.0,0.0,0.0,0.0,0.0,0.0,0.0,0.0,0.0,0.0,0.0,0.0,0.0,0.0,0.0,0.0,0.0,0.0,0.0,0.0,0.0,0.0,0.0,0.0,3.0,5.0,9.0,14.0,13.0,17.0,14.0,10.0,15.0,14.0,6.0,2.0,8.0,5.0,2.0,1.0,1.0,0.0,1.0
St Leonard Eastcheap,0.0,0.0,0.0,0.0,0.0,0.0,0.0,0.0,0.0,0.0,0.0,0.0,0.0,0.0,0.0,0.0,0.0,0.0,0.0,0.0,0.0,0.0,0.0,0.0,0.0,0.0,0.0,0.0,0.0,0.0,0.0,0.0,0.0,0.0,1.0,0.0,0.0,1.0,4.0,2.0,3.0,5.0,3.0,3.0,1.0,2.0,2.0,0.0,0.0,0.0,0.0,0.0
St Leonard Fosterlane,0.0,0.0,0.0,0.0,0.0,0.0,0.0,0.0,0.0,0.0,0.0,0.0,0.0,0.0,0.0,0.0,0.0,0.0,0.0,0.0,0.0,0.0,0.0,0.0,0.0,0.0,0.0,0.0,0.0,1.0,1.0,5.0,11.0,9.0,13.0,30.0,33.0,20.0,32.0,27.0,13.0,33.0,6.0,5.0,2.0,3.0,6.0,2.0,1.0,1.0,1.0,0.0
St Leonard Shoreditch,0.0,0.0,0.0,0.0,0.0,0.0,0.0,0.0,0.0,0.0,0.0,0.0,0.0,0.0,0.0,0.0,0.0,0.0,0.0,0.0,0.0,0.0,0.0,0.0,0.0,0.0,0.0,7.0,13.0,40.0,50.0,65.0,122.0,163.0,168.0,238.0,276.0,210.0,173.0,138.0,91.0,72.0,42.0,20.0,10.0,21.0,14.0,6.0,2.0,2.0,2.0,4.0
St Magdalen Bermondsey,0.0,0.0,0.0,0.0,0.0,0.0,0.0,0.0,0.0,0.0,0.0,0.0,0.0,0.0,0.0,0.0,0.0,0.0,0.0,0.0,0.0,0.0,0.0,0.0,0.0,0.0,0.0,0.0,0.0,0.0,2.0,2.0,7.0,24.0,36.0,78.0,116.0,172.0,180.0,174.0,106.0,146.0,77.0,51.0,40.0,57.0,36.0,19.0,8.0,12.0,7.0,13.0
St Magnus Parish,0.0,0.0,0.0,0.0,0.0,0.0,0.0,0.0,0.0,0.0,0.0,0.0,0.0,0.0,0.0,0.0,0.0,0.0,0.0,0.0,0.0,0.0,0.0,0.0,0.0,0.0,0.0,0.0,0.0,0.0,1.0,1.0,2.0,4.0,2.0,4.0,6.0,8.0,6.0,1.0,4.0,4.0,5.0,4.0,2.0,1.0,3.0,1.0,1.0,0.0,0.0,0.0
St Margaret Lothbury,0.0,0.0,0.0,0.0,0.0,0.0,0.0,0.0,0.0,0.0,0.0,0.0,0.0,0.0,0.0,0.0,0.0,0.0,0.0,0.0,0.0,0.0,0.0,0.0,0.0,0.0,0.0,0.0,0.0,1.0,0.0,0.0,6.0,2.0,1.0,0.0,8.0,6.0,8.0,5.0,6.0,5.0,3.0,3.0,2.0,4.0,3.0,1.0,0.0,0.0,2.0,0.0
St Margaret Moses,0.0,0.0,0.0,0.0,0.0,0.0,0.0,0.0,0.0,0.0,0.0,0.0,0.0,0.0,0.0,0.0,0.0,0.0,0.0,0.0,0.0,0.0,0.0,0.0,0.0,0.0,0.0,0.0,0.0,0.0,0.0,0.0,0.0,1.0,0.0,3.0,3.0,2.0,5.0,3.0,0.0,0.0,3.0,0.0,1.0,0.0,1.0,0.0,1.0,0.0,0.0,2.0
St Margaret Newfishstreet,0.0,0.0,0.0,0.0,0.0,0.0,0.0,0.0,0.0,0.0,0.0,0.0,0.0,0.0,0.0,0.0,0.0,0.0,0.0,0.0,0.0,0.0,0.0,0.0,0.0,0.0,0.0,0.0,0.0,0.0,0.0,0.0,0.0,0.0,0.0,1.0,3.0,6.0,13.0,7.0,13.0,6.0,5.0,2.0,1.0,6.0,2.0,1.0,0.0,0.0,0.0,0.0
St Margaret Pattons,0.0,0.0,0.0,0.0,0.0,0.0,0.0,0.0,0.0,0.0,0.0,0.0,0.0,0.0,0.0,0.0,0.0,0.0,0.0,0.0,0.0,0.0,0.0,0.0,0.0,0.0,0.0,0.0,0.0,0.0,0.0,0.0,0.0,0.0,0.0,0.0,0.0,4.0,3.0,4.0,3.0,4.0,3.0,1.0,1.0,1.0,0.0,0.0,0.0,0.0,0.0,0.0
St Margaret Westminster,0.0,0.0,0.0,0.0,0.0,0.0,0.0,0.0,0.0,0.0,0.0,0.0,0.0,0.0,0.0,0.0,0.0,0.0,0.0,0.0,0.0,0.0,0.0,0.0,0.0,7.0,26.0,26.0,34.0,56.0,98.0,101.0,173.0,228.0,191.0,309.0,321.0,331.0,399.0,283.0,297.0,261.0,172.0,93.0,72.0,92.0,57.0,45.0,22.0,14.0,15.0,19.0
St Martin in the fields,0.0,0.0,0.0,0.0,0.0,0.0,0.0,0.0,0.0,0.0,0.0,0.0,0.0,0.0,0.0,0.0,0.0,0.0,0.0,0.0,0.0,0.0,0.0,1.0,2.0,4.0,11.0,55.0,101.0,113.0,176.0,160.0,213.0,229.0,193.0,287.0,230.0,214.0,228.0,171.0,143.0,108.0,60.0,38.0,25.0,37.0,23.0,15.0,13.0,13.0,15.0,6.0
St Martin Iremongerlane,0.0,0.0,0.0,0.0,0.0,0.0,0.0,0.0,0.0,0.0,0.0,0.0,0.0,0.0,0.0,0.0,0.0,0.0,0.0,0.0,0.0,0.0,0.0,0.0,0.0,0.0,0.0,0.0,0.0,0.0,0.0,1.0,0.0,0.0,0.0,0.0,0.0,0.0,1.0,2.0,2.0,3.0,0.0,0.0,0.0,2.0,0.0,0.0,0.0,0.0,0.0,0.0
St Martin Ludgate,0.0,0.0,0.0,0.0,0.0,0.0,0.0,0.0,0.0,0.0,0.0,0.0,0.0,0.0,0.0,0.0,0.0,0.0,0.0,0.0,0.0,0.0,0.0,0.0,0.0,0.0,0.0,0.0,1.0,0.0,1.0,0.0,2.0,4.0,4.0,6.0,14.0,10.0,11.0,20.0,10.0,16.0,12.0,3.0,1.0,5.0,3.0,0.0,0.0,1.0,2.0,2.0
St Martin Orgars,0.0,0.0,0.0,0.0,0.0,0.0,0.0,0.0,0.0,0.0,0.0,0.0,0.0,0.0,0.0,0.0,0.0,0.0,0.0,0.0,0.0,0.0,0.0,0.0,0.0,0.0,0.0,0.0,0.0,0.0,0.0,0.0,1.0,0.0,6.0,9.0,15.0,11.0,7.0,3.0,5.0,5.0,1.0,1.0,4.0,1.0,0.0,1.0,0.0,0.0,0.0,1.0
St Martin Outwitch,0.0,0.0,0.0,0.0,0.0,0.0,0.0,0.0,0.0,0.0,0.0,0.0,0.0,0.0,0.0,0.0,0.0,0.0,0.0,0.0,0.0,0.0,0.0,0.0,0.0,0.0,0.0,0.0,0.0,0.0,1.0,0.0,2.0,1.0,0.0,4.0,4.0,4.0,3.0,5.0,5.0,5.0,0.0,0.0,0.0,0.0,0.0,0.0,0.0,0.0,0.0,0.0
St Martin Vintrey,0.0,0.0,0.0,0.0,0.0,0.0,0.0,0.0,0.0,0.0,0.0,0.0,0.0,0.0,0.0,0.0,0.0,0.0,0.0,0.0,0.0,0.0,0.0,0.0,0.0,0.0,0.0,0.0,0.0,1.0,5.0,4.0,4.0,7.0,17.0,21.0,23.0,35.0,61.0,36.0,44.0,34.0,19.0,6.0,10.0,7.0,7.0,3.0,4.0,0.0,0.0,0.0
St Mary Abchurch,0.0,0.0,0.0,0.0,0.0,0.0,0.0,0.0,0.0,0.0,0.0,0.0,0.0,0.0,0.0,0.0,0.0,0.0,0.0,0.0,0.0,0.0,0.0,0.0,0.0,0.0,0.0,0.0,0.0,0.0,0.0,0.0,0.0,0.0,0.0,4.0,2.0,4.0,9.0,4.0,5.0,2.0,6.0,5.0,0.0,4.0,3.0,0.0,0.0,0.0,5.0,1.0
St Mary Aldermanbury,0.0,0.0,0.0,0.0,0.0,0.0,0.0,0.0,0.0,0.0,0.0,0.0,0.0,0.0,0.0,0.0,0.0,0.0,0.0,0.0,0.0,0.0,0.0,0.0,0.0,0.0,0.0,2.0,0.0,0.0,1.0,2.0,1.0,2.0,5.0,7.0,15.0,7.0,16.0,15.0,14.0,6.0,6.0,3.0,4.0,3.0,0.0,0.0,0.0,0.0,0.0,0.0
St Mary Aldermary,0.0,0.0,0.0,0.0,0.0,0.0,0.0,0.0,0.0,0.0,0.0,0.0,0.0,0.0,0.0,0.0,0.0,0.0,0.0,0.0,0.0,0.0,0.0,0.0,0.0,0.0,0.0,0.0,0.0,0.0,1.0,0.0,3.0,1.0,1.0,6.0,7.0,7.0,10.0,12.0,4.0,6.0,3.0,0.0,0.0,7.0,0.0,3.0,3.0,1.0,0.0,0.0
St Mary Bothaw,0.0,0.0,0.0,0.0,0.0,0.0,0.0,0.0,0.0,0.0,0.0,0.0,0.0,0.0,0.0,0.0,0.0,0.0,0.0,0.0,0.0,0.0,0.0,0.0,0.0,0.0,0.0,0.0,0.0,0.0,0.0,0.0,0.0,0.0,1.0,5.0,4.0,0.0,8.0,0.0,4.0,2.0,3.0,0.0,0.0,2.0,0.0,0.0,0.0,0.0,0.0,1.0
St Mary Colechurch,0.0,0.0,0.0,0.0,0.0,0.0,0.0,0.0,0.0,0.0,0.0,0.0,0.0,0.0,0.0,0.0,0.0,0.0,0.0,0.0,0.0,0.0,0.0,0.0,0.0,0.0,0.0,0.0,0.0,0.0,0.0,0.0,0.0,1.0,0.0,0.0,0.0,0.0,1.0,2.0,1.0,0.0,0.0,0.0,1.0,0.0,0.0,0.0,0.0,0.0,0.0,0.0
St Mary Hill,0.0,0.0,0.0,0.0,0.0,0.0,0.0,0.0,0.0,0.0,0.0,0.0,0.0,0.0,0.0,0.0,0.0,0.0,0.0,0.0,0.0,0.0,0.0,0.0,0.0,0.0,0.0,0.0,0.0,0.0,0.0,0.0,0.0,0.0,1.0,1.0,5.0,4.0,8.0,4.0,8.0,6.0,6.0,2.0,3.0,4.0,6.0,2.0,0.0,1.0,3.0,0.0
St Mary Islington,0.0,0.0,0.0,0.0,0.0,0.0,0.0,0.0,0.0,0.0,0.0,0.0,0.0,0.0,0.0,0.0,0.0,0.0,0.0,0.0,0.0,0.0,0.0,0.0,0.0,1.0,1.0,2.0,2.0,14.0,7.0,23.0,24.0,36.0,45.0,66.0,94.0,62.0,66.0,41.0,31.0,21.0,18.0,8.0,8.0,4.0,9.0,3.0,4.0,1.0,1.0,1.0
St Mary le Bow,0.0,0.0,0.0,0.0,0.0,0.0,0.0,0.0,0.0,0.0,0.0,0.0,0.0,0.0,0.0,0.0,0.0,0.0,0.0,0.0,0.0,0.0,0.0,0.0,0.0,0.0,0.0,0.0,0.0,0.0,0.0,1.0,1.0,3.0,6.0,4.0,8.0,1.0,2.0,1.0,1.0,2.0,2.0,0.0,0.0,0.0,1.0,0.0,0.0,0.0,1.0,2.0
St Mary Mounthaw,0.0,0.0,0.0,0.0,0.0,0.0,0.0,0.0,0.0,0.0,0.0,0.0,0.0,0.0,0.0,0.0,0.0,0.0,0.0,0.0,0.0,0.0,0.0,0.0,0.0,0.0,0.0,0.0,0.0,0.0,1.0,2.0,0.0,2.0,0.0,3.0,2.0,7.0,9.0,3.0,3.0,2.0,0.0,1.0,0.0,1.0,0.0,0.0,0.0,0.0,1.0,0.0
St Mary Newington,0.0,0.0,0.0,0.0,0.0,0.0,0.0,0.0,0.0,0.0,0.0,0.0,0.0,0.0,0.0,0.0,0.0,0.0,0.0,0.0,0.0,0.0,0.0,0.0,0.0,0.0,0.0,0.0,0.0,4.0,4.0,6.0,16.0,37.0,52.0,104.0,146.0,149.0,152.0,94.0,81.0,60.0,36.0,24.0,7.0,16.0,5.0,1.0,3.0,2.0,2.0,3.0
St Mary Savoy,0.0,0.0,0.0,0.0,0.0,0.0,0.0,0.0,0.0,0.0,0.0,0.0,0.0,0.0,0.0,0.0,0.0,0.0,0.0,0.0,0.0,0.0,0.0,0.0,0.0,1.0,0.0,4.0,6.0,4.0,8.0,7.0,6.0,12.0,10.0,16.0,21.0,13.0,19.0,13.0,16.0,14.0,3.0,3.0,2.0,7.0,2.0,4.0,3.0,0.0,1.0,3.0
St Mary Sommerset,0.0,0.0,0.0,0.0,0.0,0.0,0.0,0.0,0.0,0.0,0.0,0.0,0.0,0.0,0.0,0.0,0.0,0.0,0.0,0.0,0.0,0.0,0.0,0.0,0.0,0.0,0.0,0.0,1.0,1.0,0.0,2.0,4.0,10.0,5.0,18.0,12.0,18.0,34.0,26.0,38.0,26.0,18.0,10.0,5.0,12.0,9.0,5.0,3.0,2.0,2.0,1.0
St Mary Stayning,0.0,0.0,0.0,0.0,0.0,0.0,0.0,0.0,0.0,0.0,0.0,0.0,0.0,0.0,0.0,0.0,0.0,0.0,0.0,0.0,0.0,0.0,0.0,0.0,0.0,0.0,0.0,0.0,0.0,1.0,0.0,0.0,0.0,1.0,0.0,4.0,5.0,5.0,1.0,6.0,2.0,2.0,0.0,0.0,0.0,0.0,0.0,0.0,0.0,0.0,0.0,0.0
St Mary Whitechappel,0.0,0.0,0.0,0.0,0.0,0.0,0.0,0.0,0.0,0.0,0.0,0.0,0.0,0.0,0.0,0.0,0.0,0.0,0.0,0.0,0.0,0.0,0.0,1.0,3.0,0.0,0.0,6.0,3.0,21.0,48.0,79.0,158.0,240.0,270.0,462.0,540.0,400.0,502.0,320.0,301.0,203.0,103.0,46.0,21.0,40.0,29.0,30.0,4.0,11.0,7.0,7.0
St Mary Woolchurch,0.0,0.0,0.0,0.0,0.0,0.0,0.0,0.0,0.0,0.0,0.0,0.0,0.0,0.0,0.0,0.0,0.0,0.0,0.0,1.0,0.0,0.0,0.0,0.0,0.0,0.0,0.0,0.0,0.0,0.0,0.0,0.0,0.0,0.0,0.0,0.0,0.0,1.0,2.0,6.0,4.0,5.0,5.0,4.0,1.0,1.0,2.0,0.0,0.0,0.0,1.0,0.0
St Mary Woolnoth,0.0,0.0,0.0,0.0,0.0,0.0,0.0,0.0,0.0,0.0,0.0,0.0,0.0,0.0,0.0,0.0,0.0,0.0,0.0,0.0,0.0,0.0,0.0,0.0,0.0,0.0,0.0,0.0,0.0,0.0,0.0,0.0,0.0,1.0,1.0,1.0,2.0,2.0,6.0,6.0,5.0,5.0,3.0,0.0,4.0,0.0,0.0,2.0,0.0,0.0,0.0,0.0
St Matthew Fridaystreet,0.0,0.0,0.0,0.0,0.0,0.0,0.0,0.0,0.0,0.0,0.0,0.0,0.0,0.0,0.0,0.0,0.0,0.0,0.0,0.0,0.0,0.0,0.0,0.0,0.0,0.0,0.0,0.0,0.0,0.0,0.0,0.0,0.0,0.0,0.0,1.0,0.0,0.0,1.0,0.0,0.0,2.0,0.0,0.0,0.0,2.0,0.0,0.0,0.0,0.0,0.0,0.0
St Maudlin Milkstreet,0.0,0.0,0.0,0.0,0.0,0.0,0.0,0.0,0.0,0.0,0.0,0.0,0.0,0.0,0.0,0.0,0.0,0.0,0.0,0.0,0.0,0.0,0.0,0.0,0.0,0.0,0.0,0.0,0.0,0.0,0.0,0.0,1.0,0.0,2.0,7.0,3.0,0.0,3.0,1.0,4.0,1.0,0.0,0.0,0.0,0.0,0.0,0.0,0.0,0.0,0.0,0.0
St Maudlin Oldfishstreet,0.0,0.0,0.0,0.0,0.0,0.0,0.0,0.0,0.0,0.0,0.0,0.0,0.0,0.0,0.0,0.0,0.0,0.0,0.0,0.0,0.0,0.0,0.0,0.0,0.0,0.0,0.0,0.0,0.0,0.0,1.0,0.0,2.0,1.0,4.0,5.0,21.0,13.0,11.0,8.0,6.0,8.0,12.0,1.0,7.0,5.0,7.0,4.0,1.0,0.0,1.0,3.0
St Michael Bassishaw,0.0,0.0,0.0,0.0,0.0,0.0,0.0,0.0,0.0,0.0,0.0,0.0,0.0,0.0,0.0,0.0,0.0,0.0,0.0,0.0,0.0,0.0,0.0,0.0,0.0,0.0,1.0,8.0,4.0,10.0,22.0,6.0,7.0,7.0,11.0,18.0,11.0,9.0,12.0,16.0,7.0,7.0,5.0,1.0,0.0,1.0,0.0,1.0,0.0,0.0,0.0,0.0
St Michael Cornhil,0.0,0.0,0.0,0.0,0.0,0.0,0.0,0.0,0.0,0.0,0.0,0.0,0.0,0.0,0.0,0.0,0.0,0.0,0.0,0.0,0.0,0.0,0.0,0.0,0.0,0.0,0.0,0.0,0.0,0.0,0.0,0.0,0.0,0.0,1.0,1.0,7.0,8.0,11.0,5.0,3.0,4.0,4.0,4.0,0.0,1.0,2.0,0.0,0.0,1.0,0.0,0.0
St Michael Crookedlane,0.0,0.0,0.0,0.0,0.0,0.0,0.0,0.0,0.0,0.0,0.0,0.0,0.0,0.0,0.0,0.0,0.0,0.0,0.0,0.0,0.0,0.0,0.0,0.0,2.0,2.0,1.0,2.0,3.0,3.0,0.0,2.0,0.0,0.0,4.0,3.0,5.0,11.0,10.0,13.0,12.0,17.0,10.0,8.0,6.0,5.0,6.0,1.0,2.0,1.0,2.0,2.0
St Michael Queenhithe,0.0,0.0,0.0,0.0,0.0,0.0,0.0,0.0,0.0,0.0,0.0,0.0,0.0,0.0,0.0,0.0,0.0,0.0,0.0,0.0,0.0,0.0,0.0,0.0,0.0,0.0,0.0,0.0,0.0,0.0,2.0,0.0,1.0,0.0,6.0,11.0,12.0,9.0,6.0,10.0,23.0,3.0,16.0,7.0,5.0,1.0,3.0,2.0,0.0,0.0,0.0,5.0
St Michael Quern,0.0,0.0,0.0,0.0,0.0,0.0,0.0,0.0,0.0,0.0,0.0,0.0,0.0,0.0,0.0,0.0,0.0,0.0,0.0,0.0,0.0,0.0,0.0,0.0,0.0,0.0,0.0,0.0,0.0,0.0,0.0,2.0,0.0,0.0,0.0,0.0,1.0,2.0,3.0,3.0,3.0,2.0,0.0,2.0,0.0,0.0,0.0,0.0,0.0,0.0,0.0,0.0
St Michael Royal,0.0,0.0,0.0,0.0,0.0,0.0,0.0,0.0,0.0,0.0,0.0,0.0,0.0,0.0,0.0,0.0,0.0,0.0,0.0,0.0,0.0,0.0,0.0,0.0,0.0,0.0,0.0,0.0,0.0,0.0,0.0,0.0,1.0,5.0,1.0,11.0,4.0,10.0,17.0,12.0,17.0,14.0,9.0,3.0,3.0,3.0,2.0,1.0,1.0,1.0,0.0,1.0
St Michael Woodstreet,0.0,0.0,0.0,0.0,0.0,0.0,0.0,0.0,0.0,0.0,0.0,0.0,0.0,0.0,0.0,0.0,0.0,0.0,0.0,0.0,0.0,0.0,0.0,0.0,0.0,0.0,0.0,0.0,0.0,0.0,0.0,3.0,1.0,4.0,1.0,6.0,8.0,2.0,2.0,5.0,3.0,13.0,3.0,4.0,1.0,3.0,2.0,0.0,1.0,0.0,0.0,0.0
St Mildred Breadstreet,0.0,0.0,0.0,0.0,0.0,0.0,0.0,0.0,0.0,0.0,0.0,0.0,0.0,0.0,0.0,0.0,0.0,0.0,0.0,0.0,0.0,0.0,0.0,0.0,0.0,0.0,0.0,0.0,0.0,0.0,0.0,0.0,0.0,0.0,1.0,2.0,2.0,7.0,3.0,1.0,4.0,1.0,3.0,1.0,0.0,0.0,1.0,0.0,0.0,0.0,0.0,0.0
St Mildred Poultrey,0.0,0.0,0.0,0.0,0.0,0.0,0.0,0.0,0.0,0.0,0.0,0.0,0.0,0.0,0.0,0.0,0.0,0.0,0.0,0.0,0.0,0.0,0.0,0.0,0.0,0.0,0.0,0.0,0.0,0.0,2.0,1.0,2.0,1.0,3.0,4.0,1.0,7.0,2.0,4.0,2.0,8.0,4.0,1.0,0.0,3.0,0.0,1.0,0.0,0.0,0.0,0.0
St Nicholas Acons,0.0,0.0,0.0,0.0,0.0,0.0,0.0,0.0,0.0,0.0,0.0,0.0,0.0,0.0,0.0,0.0,0.0,0.0,0.0,0.0,0.0,0.0,0.0,0.0,0.0,0.0,0.0,0.0,0.0,0.0,0.0,1.0,0.0,0.0,0.0,1.0,0.0,2.0,7.0,5.0,3.0,1.0,1.0,1.0,1.0,1.0,3.0,1.0,0.0,0.0,0.0,0.0
St Nicholas Coleabby,0.0,0.0,0.0,0.0,0.0,0.0,0.0,0.0,0.0,0.0,0.0,0.0,0.0,0.0,0.0,0.0,0.0,0.0,0.0,0.0,0.0,0.0,0.0,0.0,0.0,0.0,0.0,0.0,0.0,0.0,0.0,1.0,1.0,5.0,0.0,3.0,8.0,6.0,13.0,14.0,8.0,10.0,7.0,2.0,4.0,4.0,2.0,3.0,0.0,0.0,0.0,0.0
St Nicholas Olave,0.0,0.0,0.0,0.0,0.0,0.0,0.0,0.0,0.0,0.0,0.0,0.0,0.0,0.0,0.0,0.0,0.0,0.0,0.0,0.0,0.0,0.0,0.0,0.0,0.0,0.0,0.0,0.0,0.0,0.0,0.0,0.0,1.0,0.0,1.0,6.0,7.0,3.0,9.0,4.0,8.0,7.0,4.0,2.0,3.0,3.0,2.0,1.0,0.0,0.0,0.0,1.0
St Olave Hartstreet,0.0,0.0,0.0,0.0,0.0,0.0,0.0,0.0,0.0,0.0,0.0,0.0,0.0,0.0,0.0,0.0,0.0,0.0,0.0,0.0,0.0,0.0,0.0,0.0,0.0,0.0,0.0,0.0,0.0,0.0,1.0,3.0,2.0,6.0,4.0,6.0,10.0,13.0,18.0,19.0,11.0,21.0,14.0,4.0,7.0,7.0,7.0,0.0,0.0,1.0,6.0,0.0
St Olave Jewry,0.0,0.0,0.0,0.0,0.0,0.0,0.0,0.0,0.0,0.0,0.0,0.0,0.0,0.0,0.0,0.0,0.0,0.0,0.0,0.0,0.0,0.0,0.0,0.0,0.0,0.0,0.0,0.0,0.0,0.0,0.0,0.0,0.0,1.0,1.0,4.0,4.0,3.0,5.0,1.0,4.0,2.0,0.0,2.0,2.0,1.0,0.0,1.0,0.0,0.0,0.0,1.0
St Olave Silverstreet,0.0,0.0,0.0,0.0,0.0,0.0,0.0,0.0,0.0,0.0,0.0,0.0,0.0,0.0,0.0,0.0,0.0,0.0,0.0,0.0,0.0,0.0,0.0,0.0,0.0,1.0,0.0,0.0,1.0,1.0,0.0,3.0,8.0,12.0,15.0,17.0,18.0,12.0,17.0,7.0,4.0,5.0,5.0,4.0,1.0,1.0,0.0,0.0,1.0,0.0,0.0,0.0
St Olave Southwark,0.0,0.0,0.0,0.0,0.0,0.0,0.0,0.0,0.0,0.0,0.0,0.0,0.0,0.0,0.0,0.0,0.0,0.0,0.0,0.0,0.0,0.0,1.0,0.0,0.0,1.0,0.0,2.0,6.0,9.0,25.0,36.0,64.0,114.0,131.0,209.0,264.0,307.0,363.0,324.0,281.0,177.0,141.0,73.0,58.0,67.0,44.0,29.0,18.0,13.0,16.0,12.0
St Pancras Soperlane,0.0,0.0,0.0,0.0,0.0,0.0,0.0,0.0,0.0,0.0,0.0,0.0,0.0,0.0,0.0,0.0,0.0,0.0,0.0,0.0,0.0,0.0,0.0,0.0,0.0,0.0,0.0,0.0,0.0,0.0,0.0,0.0,0.0,0.0,0.0,2.0,1.0,0.0,2.0,3.0,1.0,4.0,0.0,1.0,0.0,0.0,0.0,0.0,1.0,0.0,0.0,0.0
St Paul Covent Garden,0.0,0.0,0.0,0.0,0.0,0.0,0.0,0.0,0.0,0.0,0.0,0.0,0.0,0.0,0.0,0.0,0.0,0.0,0.0,0.0,0.0,0.0,0.0,0.0,0.0,0.0,2.0,1.0,4.0,3.0,5.0,12.0,16.0,7.0,16.0,21.0,16.0,26.0,29.0,18.0,24.0,14.0,9.0,8.0,4.0,3.0,2.0,2.0,2.0,4.0,1.0,2.0
St Peter Cheap,0.0,0.0,0.0,0.0,0.0,0.0,0.0,0.0,0.0,0.0,0.0,0.0,0.0,0.0,0.0,0.0,0.0,0.0,0.0,0.0,0.0,0.0,0.0,0.0,0.0,0.0,2.0,0.0,0.0,0.0,0.0,0.0,0.0,0.0,1.0,0.0,3.0,4.0,3.0,5.0,3.0,4.0,7.0,3.0,0.0,1.0,1.0,0.0,0.0,0.0,0.0,0.0
St Peter Cornhil,0.0,0.0,0.0,0.0,0.0,0.0,0.0,0.0,0.0,0.0,0.0,0.0,0.0,0.0,0.0,0.0,0.0,0.0,0.0,0.0,0.0,0.0,0.0,0.0,0.0,0.0,0.0,0.0,0.0,2.0,3.0,2.0,3.0,4.0,6.0,1.0,2.0,3.0,6.0,10.0,6.0,5.0,9.0,0.0,5.0,3.0,3.0,0.0,2.0,0.0,0.0,1.0
St Peter Paulswharf,0.0,0.0,0.0,0.0,0.0,0.0,0.0,0.0,0.0,0.0,0.0,0.0,0.0,0.0,0.0,0.0,0.0,0.0,0.0,0.0,0.0,0.0,0.0,0.0,0.0,0.0,0.0,0.0,0.0,0.0,0.0,0.0,1.0,1.0,2.0,7.0,7.0,9.0,12.0,11.0,10.0,11.0,4.0,3.0,1.0,2.0,4.0,0.0,0.0,0.0,0.0,1.0
St Peter Poor,0.0,0.0,0.0,0.0,0.0,0.0,0.0,0.0,0.0,0.0,0.0,0.0,0.0,0.0,0.0,0.0,0.0,0.0,0.0,0.0,0.0,0.0,0.0,0.0,0.0,0.0,0.0,0.0,0.0,1.0,2.0,0.0,1.0,1.0,2.0,1.0,2.0,6.0,6.0,6.0,7.0,2.0,6.0,0.0,1.0,2.0,0.0,0.0,1.0,0.0,0.0,0.0
St Sepulchres Parish,0.0,0.0,0.0,0.0,0.0,0.0,0.0,0.0,0.0,0.0,0.0,0.0,0.0,0.0,0.0,0.0,0.0,0.0,0.0,0.0,0.0,0.0,0.0,5.0,0.0,0.0,0.0,0.0,0.0,0.0,0.0,0.0,0.0,0.0,0.0,0.0,0.0,0.0,0.0,0.0,0.0,0.0,0.0,0.0,0.0,0.0,0.0,0.0,0.0,0.0,0.0,0.0
St Steven Colemanstreet,0.0,0.0,0.0,0.0,0.0,0.0,0.0,0.0,0.0,0.0,0.0,0.0,0.0,0.0,0.0,0.0,0.0,0.0,0.0,0.0,0.0,0.0,0.0,0.0,0.0,0.0,0.0,2.0,1.0,1.0,4.0,7.0,10.0,10.0,11.0,29.0,38.0,31.0,40.0,51.0,38.0,41.0,28.0,10.0,12.0,9.0,13.0,8.0,4.0,1.0,2.0,0.0
St Steven Walbrook,0.0,0.0,0.0,0.0,0.0,0.0,0.0,0.0,0.0,0.0,0.0,0.0,0.0,0.0,0.0,0.0,0.0,0.0,0.0,0.0,0.0,0.0,0.0,0.0,0.0,0.0,0.0,0.0,0.0,0.0,0.0,0.0,0.0,0.0,0.0,0.0,1.0,1.0,5.0,2.0,2.0,1.0,0.0,2.0,1.0,1.0,1.0,0.0,0.0,0.0,0.0,0.0
St Swithin,0.0,0.0,0.0,0.0,0.0,0.0,0.0,0.0,0.0,0.0,0.0,0.0,0.0,0.0,0.0,0.0,0.0,0.0,0.0,0.0,0.0,0.0,0.0,0.0,0.0,0.0,0.0,0.0,1.0,0.0,7.0,2.0,1.0,2.0,2.0,2.0,2.0,2.0,9.0,6.0,51.0,4.0,4.0,0.0,0.0,1.0,2.0,2.0,0.0,0.0,1.0,1.0
St Thomas Apostles,0.0,0.0,0.0,0.0,0.0,0.0,0.0,0.0,0.0,0.0,0.0,0.0,0.0,0.0,0.0,0.0,0.0,0.0,0.0,0.0,0.0,0.0,0.0,0.0,0.0,0.0,0.0,0.0,1.0,1.0,7.0,2.0,8.0,6.0,7.0,10.0,7.0,8.0,17.0,5.0,4.0,10.0,4.0,2.0,3.0,4.0,3.0,1.0,0.0,0.0,0.0,0.0
St Thomas Southwark,0.0,0.0,0.0,0.0,0.0,0.0,0.0,0.0,0.0,0.0,0.0,0.0,0.0,0.0,0.0,0.0,0.0,0.0,0.0,0.0,0.0,0.0,0.0,0.0,0.0,0.0,1.0,2.0,5.0,2.0,6.0,2.0,8.0,4.0,21.0,22.0,33.0,44.0,52.0,36.0,36.0,32.0,23.0,10.0,5.0,8.0,0.0,8.0,0.0,0.0,2.0,0.0
Stepney Parish,0.0,0.0,0.0,0.0,0.0,0.0,0.0,0.0,0.0,0.0,0.0,0.0,0.0,0.0,0.0,0.0,0.0,0.0,0.0,0.0,0.0,0.0,0.0,0.0,0.0,0.0,1.0,2.0,1.0,33.0,58.0,76.0,136.0,197.0,273.0,442.0,666.0,685.0,686.0,579.0,631.0,593.0,366.0,246.0,165.0,253.0,191.0,103.0,75.0,43.0,38.0,44.0
Trinity Minories,0.0,0.0,0.0,0.0,0.0,0.0,0.0,0.0,0.0,0.0,0.0,0.0,0.0,0.0,0.0,0.0,0.0,0.0,0.0,0.0,0.0,0.0,0.0,0.0,0.0,0.0,0.0,0.0,0.0,1.0,1.0,4.0,0.0,0.0,5.0,4.0,19.0,10.0,10.0,18.0,21.0,15.0,12.0,2.0,2.0,4.0,3.0,0.0,0.0,2.0,0.0,0.0
Trinity Parish,0.0,0.0,0.0,0.0,0.0,0.0,0.0,0.0,0.0,0.0,0.0,0.0,0.0,0.0,0.0,0.0,0.0,0.0,0.0,0.0,0.0,0.0,0.0,0.0,0.0,0.0,0.0,0.0,0.0,0.0,0.0,0.0,1.0,1.0,3.0,3.0,3.0,11.0,13.0,9.0,9.0,12.0,2.0,1.0,5.0,3.0,1.0,2.0,0.0,0.0,0.0,0.0
Whereof at the Pesthouse,0.0,0.0,0.0,0.0,0.0,0.0,0.0,0.0,0.0,0.0,0.0,0.0,0.0,0.0,0.0,0.0,0.0,0.0,0.0,0.0,0.0,0.0,0.0,0.0,0.0,0.0,0.0,4.0,3.0,3.0,4.0,0.0,39.0,12.0,13.0,8.0,12.0,9.0,0.0,0.0,4.0,4.0,3.0,2.0,1.0,0.0,0.0,0.0,1.0,1.0,0.0,0.0
